Workbook

Sheet Resultados_Extraccion
A1: Número de proceso (informativo) | B1: Número de constancia | C1: Abrir detalle | D1: Tipo de proceso | E1: Estado del proceso | F1: Modalidad de contratación | G1: Fuente de financiación | H1: Registro Presupuestal (RP) | I1: Certificado de disponibilidad presupuestal | J1: Número de contrato | K1: Objeto del contrato | L1: Valor del contrato (COP) | M1: Plazo de ejecución | N1: Fecha de inicio | O1: Fecha de terminación | P1: Razón social del proponente/contratista | Q1: Tipo de identificación | R1: Identificación del proponente/contratista | S1: Representante legal | T1: Identificación del representante legal | U1: Código BPIM | V1: Fuente del documento | W1: Estado de validación | X1: Observaciones
C2: =IF(B2="","",HYPERLINK(Config!$B$1 & SUBSTITUTE(B2," ",""), "Abrir")) | I2: 2601130001
C3: =IF(B3="","",HYPERLINK(Config!$B$1 & SUBSTITUTE(B3," ",""), "Abrir"))
C4: =IF(B4="","",HYPERLINK(Config!$B$1 & SUBSTITUTE(B4," ",""), "Abrir"))
C5: =IF(B5="","",HYPERLINK(Config!$B$1 & SUBSTITUTE(B5," ",""), "Abrir"))
C6: =IF(B6="","",HYPERLINK(Config!$B$1 & SUBSTITUTE(B6," ",""), "Abrir"))
C7: =IF(B7="","",HYPERLINK(Config!$B$1 & SUBSTITUTE(B7," ",""), "Abrir"))
C8: =IF(B8="","",HYPERLINK(Config!$B$1 & SUBSTITUTE(B8," ",""), "Abrir"))
C9: =IF(B9="","",HYPERLINK(Config!$B$1 & SUBSTITUTE(B9," ",""), "Abrir"))
C10: =IF(B10="","",HYPERLINK(Config!$B$1 & SUBSTITUTE(B10," ",""), "Abrir"))
C11: =IF(B11="","",HYPERLINK(Config!$B$1 & SUBSTITUTE(B11," ",""), "Abrir"))
C12: =IF(B12="","",HYPERLINK(Config!$B$1 & SUBSTITUTE(B12," ",""), "Abrir"))
C13: =IF(B13="","",HYPERLINK(Config!$B$1 & SUBSTITUTE(B13," ",""), "Abrir"))
C14: =IF(B14="","",HYPERLINK(Config!$B$1 & SUBSTITUTE(B14," ",""), "Abrir"))
... C199: =IF(B199="","",HYPERLINK(Config!$B$1 & SUBSTITUTE(B199," ",""), "Abrir"))

Sheet Config
A1: BASE_URL_DETALLE_PROCESO (usa numConstancia) | B1: https://www.contratos.gov.co/consultas/detalleProceso.do?numConstancia=
A2: NOTA | B2: El parámetro g-recaptcha-response NO se incluye (token variable). Se usa solo numConstancia.
